GEOID,HubName,HubDist
53071920301,358665780,219813.52121757946
53071920302,358665780,219480.4452427711
53071920901,358665780,213021.50999931231
53033030003,12097192054,14649.834991480842
53033005307,53184121,5901.8192869911945
53033030309,12097192054,9308.115120222647
53033030310,12097192054,8004.0933285915935
53033030311,12097192054,7733.238740019911
53033030312,12097192054,6878.489352776499
53033031000,12097192054,19615.283579560673
53033031206,12097192054,20689.899033216654
53033031302,13071427976,33707.05040256434
53053073120,13071427976,17682.386674315214
53047940100,6388426551,131026.91457716838
53047940200,6388426551,114682.23489647056
53033024100,3518714008,7841.471572306764
53033024400,11035186711,8311.397520458186
53053062000,13071427976,2846.4726095502
53053940007,13071427976,3735.6332955015355
53033001000,635748207,3240.0065364613974
53053940006,13071427976,4830.777113446226
53053062300,13071427976,4141.891419073053
53053062801,13071427976,4328.602189659671
53053062802,13071427976,6697.133580592025
53053063000,13071427976,5469.385352050066
53053073404,13071427976,12782.61053307595
53011041320,2631801052,15017.620458459103
53033032324,3518714008,1523.0870213662656
53033024301,11035186711,7115.481932380112
53033024002,3518714008,8693.961146626332
53033022804,3518714008,4161.981233229287
53033022502,3518714008,5407.885002117096
53033023805,3518714008,8112.776404826808
53033010602,356551783,2838.1308845587914
53033010601,356551783,1732.709287248865
53033011902,11035186711,11958.835823335037
53033031101,12097192054,20000.61501193146
53033000201,635748207,2024.3254471612474
53033006701,53184118,2821.303863370284
53033000102,635748207,4213.432992871095
53033010301,11035186711,6525.29591520585
53033003301,13361539355,1020.3520232448567
53033005402,13361539355,3231.5724818373405
53033003201,13361539355,2027.1442721890267
53033004201,11609050926,6542.4422299583575
53033030204,12097192054,11976.146953387248
53033030007,12097192054,14556.7446177449
53033000101,635748207,3710.4764675779747
53033006702,53184118,2524.861500708349
53033007501,53184121,1320.403028907667
53033007502,53184121,853.1265469952292
53033008004,53184118,2412.4318164758
53033004401,11609050926,5192.339202851822
53033007202,53184118,1340.7179982092334
53033007303,53184118,1619.451931520054
53033001202,11609050926,1782.3379242887463
53033004402,11609050926,5411.73207936068
53033029701,356551783,20572.971895784398
53033029803,356551783,20093.060808671875
53033020302,635748207,5759.584307223433
53033026101,356551783,10230.714792929053
53033029506,356551783,22244.56872487565
53033029604,356551783,24419.035616286634
53033031102,12097192054,19376.509423226147
53033003202,13361539355,1430.354540274833
53033029806,12097192054,16142.656612570248
53033031208,12097192054,20297.960031846174
53033032217,3518714008,9135.193138143886
53033023902,3518714008,12455.053474675504
53033029308,356551783,16991.055671019807
53033024302,11004965702,5948.914474427197
53033025401,11035186711,15853.585680140608
53033003302,13361539355,1199.1376527866387
53033010502,356551783,3094.640058977716
53033010501,356551783,2780.986501378689
53033000202,635748207,2913.4872726703416
53033029702,356551783,22207.735926269263
53033031912,3518714008,20682.47685248898
53061053802,3518714008,31113.329436317974
53063004100,358665780,46581.688829939376
53053060903,11363011015,6288.694926973986
53053060904,11363011015,4976.591230069142
53053061001,11363011015,7379.606754902996
53063001800,358665780,43587.74203120562
53063001900,358665780,46573.201306091214
53063002000,358665780,47529.53538754501
53063002100,358665780,48301.957316736
53033029307,356551783,19873.06372046873
53017950102,6388426551,148916.1765851942
53067011624,11787663735,6979.165368224451
53033026300,356551783,6714.381826841506
53033026400,356551783,4912.967880209884
53067012002,13900397768,8187.78377994947
53067012532,11787663735,26390.71567250211
53067011625,11787663735,4229.33737796862
53067010802,13900397768,6423.8557758075085
53067011626,11787663735,3684.5786311423735
53067011421,11787663735,2797.8318583218334
53067011422,11787663735,3615.845057756777
53067012226,10920467847,8229.762125139665
53067011628,11787663735,4773.932294735169
53057940500,9559342242,23323.885046470743
53033032211,3518714008,13266.733701437739
53033032307,3518714008,9693.474995342345
53033032317,3518714008,7931.613846437411
53033022902,3518714008,4354.146972263604
53033023000,3518714008,6148.069987486667
53053073406,13071427976,15375.689803279782
53011041007,2631801052,14343.848536342917
53053071309,13071427976,16572.439373294506
53061053803,3518714008,43313.89781441825
53061052004,6562979688,11811.837370862324
53061053302,9559342242,18863.893490482307
53061052502,6562979688,8338.356142224076
53061050101,635748207,16067.07865318843
53061053202,6562979688,20461.511376922685
53061052113,3518714008,15748.116977263713
53061050402,635748207,9969.711167831701
53061052302,6562979688,15269.347421070634
53061051916,635748207,12458.567767883069
53061053101,6562979688,21890.81610947237
53061051913,635748207,10757.753280277062
53061052607,6562979688,10343.447310392014
53061052107,3518714008,16898.489206105183
53061051601,635748207,14571.494058448621
53061051602,635748207,13317.066569082535
53061053102,6562979688,18058.677417243685
53061052504,6562979688,7653.602267189307
53061052005,6562979688,13219.932570032099
53061050700,635748207,8005.997817506026
53061052606,6562979688,12394.174584183887
53061052207,3518714008,31638.028354503578
53061050200,635748207,14411.58285283622
53061040700,6562979688,1117.8800901456734
53061052904,6562979688,9578.395625828698
53061052112,3518714008,14901.167058205352
53061050800,635748207,8684.041848950033
53031950603,9559342242,48419.647069242645
53031950501,13361539355,52404.6628190279
53031950301,13361539355,35881.6140314659
53031950502,9559342242,48332.5818177169
53031950604,9559342242,44346.56841592641
53031950302,13361539355,41186.75649135278
53047970303,6388426551,85169.6767776343
53047970301,6388426551,42913.68757042074
53047970601,6388426551,93685.26396561795
53047970302,6388426551,59018.353425733614
53047970602,6388426551,94064.00866027173
53015000705,8389138771,52802.32538473568
53015001601,2631801052,55130.70004683699
53015001602,2631801052,53500.388755865984
53015002004,8389138771,33359.14184604583
53015000706,8389138771,52452.61125122366
53015000802,8389138771,51432.24717596736
53015000801,8389138771,53768.84797668127
53063010204,358665780,34680.17206723199
53055990100,9115152224,70371.16391792308
53033020402,635748207,6756.931959336474
53077001702,3518714008,181952.8322571254
53033020500,635748207,4899.447044331009
53033020600,635748207,4560.992648671075
53033020700,635748207,4624.796067745719
53033020800,635748207,5413.837529190557
53033020900,635748207,3676.1236961458853
53063011104,358665780,45184.568733612876
53063010507,358665780,45284.64638433845
53063011203,358665780,43577.34932214394
53063011103,358665780,45508.37904726093
53063003601,358665780,49806.99298354066
53063010604,358665780,51489.41529982228
53063011302,358665780,38438.12016623297
53063013501,358665780,56100.09011158925
53063013503,358665780,50228.49478474224
53063010203,358665780,40872.191973739486
53063010902,358665780,47299.36724821278
53033011700,356551783,6474.946797914764
53063013101,358665780,26451.392699259708
53063004001,358665780,47690.85029264027
53033011500,356551783,846.0441447512866
53033021300,635748207,4683.077376935389
53033021400,635748207,5510.22585211932
53033023500,3518714008,9654.16688087876
53033023601,3518714008,7691.206264831004
53033023603,3518714008,6424.610640395116
53033023604,3518714008,8423.073413177492
53063013204,358665780,20049.507652680786
53063004702,358665780,44195.19018951615
53063010404,358665780,67153.74947536507
53063013203,358665780,21824.718212006534
53063013003,358665780,28693.777854383086
53063010505,358665780,45867.604243375914
53063013502,358665780,44751.66258439206
53063010506,358665780,47519.733173090215
53063010701,358665780,48358.19913659182
53063002503,358665780,45472.461085984796
53063004701,358665780,42746.64977391653
53063010603,358665780,52370.55810757503
53063013002,358665780,29419.159365688673
53063010702,358665780,49614.55248579801
53063011204,358665780,44214.04531013777
53063000302,358665780,44437.7941137543
53063013001,358665780,29998.21263455882
53071920200,358665780,215782.4442510428
53071920500,358665780,215774.99090800842
53071920000,358665780,204120.05591624693
53071920600,358665780,217845.40211194922
53071920702,358665780,216305.6768498972
53033024905,3518714008,13253.181404151439
53071920100,358665780,210872.76839157793
53071920400,358665780,216044.91770028812
53033005304,53184121,5070.523093017396
53033032221,3518714008,18653.450461459608
53033032223,3518714008,14762.446566853087
53033005901,13361539355,1790.3722322298538
53033024904,3518714008,14190.793188903337
53033030407,12097192054,12618.710920823565
53033024704,11035186711,11999.84881684996
53033025103,3518714008,19955.836637492794
53033025303,11035186711,15520.038091132154
53033025402,11035186711,16156.698301532033
53033030203,12097192054,11190.604654748813
53033029805,12097192054,15868.436835560497
53033032220,3518714008,16461.210637175227
53033032605,3518714008,23516.974262391832
53033030102,12097192054,12262.279894191846
53033027902,356551783,7741.460711276818
53033005401,53184121,4264.843579654501
53033029505,356551783,20857.362346672715
53033010102,11035186711,5714.367372367255
53033021701,635748207,9716.271093467689
53033022204,3518714008,8708.635834463177
53033008003,53184118,1988.3050107959052
53033029508,356551783,22397.252990207064
53033025008,3518714008,12237.862322658499
53033000602,635748207,393.6599922970975
53033031913,3518714008,22470.12459873294
53033007001,53184118,3356.107875404903
53033030101,12097192054,10509.61630914653
53033029603,356551783,23304.272747168736
53033024703,3518714008,16692.367181252896
53033026003,356551783,11585.708861218809
53033004102,11004965702,7935.214971178175
53033030008,12097192054,14569.273225278665
53033010302,11035186711,5824.55873710847
53033009802,356551783,3859.4575312835464
53033032332,3518714008,6850.786271466063
53033003601,11609050926,4465.873377007863
53033010101,11035186711,4837.15864989675
53033004703,13361539355,693.579233359632
53033022805,3518714008,3346.529182824389
53011040301,2631801052,33300.1599545008
53033005303,53184121,5032.041047823169
53033007301,53184118,1464.4941191482058
53033008401,53184121,192.00735878181828
53069950100,6403036421,31619.888928545042
53053073126,13071427976,20415.95421984488
53033009200,11035186694,807.4011604491216
53033009300,11035186694,2998.1090756566136
53035080600,13361539355,22496.683443075606
53035091302,13361539355,27250.86191820281
53033011200,356551783,3182.191241762352
53033011300,356551783,1826.4328055439798
53033012100,356551783,3450.6568866189596
53033020100,635748207,7235.503669866184
53011041328,2631801052,16518.325821680897
53011040610,2631801052,20479.69087146099
53011040609,2631801052,18591.09797649179
53011040409,2631801052,21996.974980553983
53011040411,2631801052,19407.424429830073
53011040510,2631801052,29019.844722508882
53047970900,6388426551,63673.65568537513
53047970700,6388426551,101452.41886384107
53047970400,6388426551,67676.49582988828
53047970500,6388426551,79693.3806056267
53035092000,13361539355,37461.981025657515
53035090101,13361539355,25789.43461472768
53035080200,13361539355,19716.92402172551
53035091100,13361539355,18853.73926316389
53053940011,12097192054,4831.170701861609
53033032010,3518714008,33629.41727228584
53033022703,3518714008,3935.482923364528
53033020200,635748207,6584.133298005084
53033020401,635748207,6333.345421000196
53033022802,3518714008,1184.786752988884
53033022803,3518714008,3267.6339617565213
53033022901,3518714008,4156.850865943107
53033022300,635748207,6413.41604341896
53033022603,3518714008,4086.215880682313
53033022604,3518714008,3387.44970130856
53033022605,3518714008,2844.2426633332657
53033022606,3518714008,1949.847223682395
53033022701,3518714008,6153.9003330267515
53033032222,3518714008,14994.669930341057
53033031710,356551783,27192.450011525936
53033011802,11035186711,10615.978887140738
53033007002,53184118,3048.5649799206926
53033000601,635748207,1066.3366641562689
53033032705,3518714008,33079.74824935658
53033024001,3518714008,6977.57295258742
53033004701,13361539355,259.63733738800516
53033031708,356551783,24988.01172183249
53033023806,3518714008,7668.740161835032
53033021702,635748207,9170.563785266091
53033032330,3518714008,1971.2210737978644
53033031911,3518714008,25228.62153664487
53033031207,356551783,27141.31932572985
53033025202,3518714008,18270.62906472326
53033031707,356551783,23734.519902936543
53033032333,3518714008,8246.182857827846
53077000500,3518714008,169008.0642883649
53077000600,3518714008,169959.69453763857
53077000700,3518714008,171401.3129930202
53077000800,3518714008,169294.83795168484
53077000100,3518714008,171133.66021565525
53053061900,13071427976,2170.1711135810388
53053073115,13071427976,24057.43761847487
53053073116,13071427976,25790.32701067884
53053073301,13071427976,16025.751029282776
53053073302,13071427976,16902.155225513266
53033003500,13361539355,2172.5679090712124
53033004000,11609050926,7693.792980261281
53033003400,13361539355,1571.8032316126255
53033004500,11609050926,5202.426946009064
53033004800,13361539355,1614.7997908662624
53005010300,358665780,247563.08635751533
53005011501,358665780,241822.94287471037
53005010201,358665780,245361.0872856756
53005012000,6388426551,302672.3394006715
53005011600,3518714008,273996.4296682783
53005010100,358665780,242264.77554066162
53005010901,358665780,245790.86839117933
53005011001,358665780,243573.43101141424
53005011300,358665780,241720.96110847438
53005011100,358665780,244613.0076523715
53033008200,53184118,519.2964586177113
53033008300,53184118,350.4826189937604
53033008500,53070522,67.50582893172442
53033008700,11004965702,1110.4332668924544
53033008800,11004965702,1799.3211451992286
53033008900,11035186711,3035.1014978797043
53033009000,11035186711,1200.6325765102192
53033009100,11035186694,531.5889439966253
53033004600,11609050926,4479.486416647787
53033005000,13361539355,2929.1477321947873
53033005700,13361539355,2673.9809496238813
53033032328,3518714008,6312.406141691108
53033006400,53184121,2356.959195342562
53033006100,53184121,3791.5156730557574
53033006200,53184121,3504.669668144413
53033006300,11004965702,4427.611195486972
53047971000,6388426551,108639.97619074177
53047970800,6388426551,113834.06382444486
53003960100,358665780,174422.8843745178
53003960600,358665780,146480.24230594438
53003960300,358665780,143495.7118175132
53003960500,358665780,144865.0917987864
53073000804,9559342242,38997.1536014897
53073000805,9559342242,34628.99821922095
53073000803,9559342242,39808.68842701882
53073010702,9559342242,48151.28852933899
53073010701,13735106009,39777.6125995739
53073001202,9559342242,29593.28914645362
53073000902,9559342242,34083.252529292215
53033022101,635748207,6850.87023500051
53035092400,356551783,17395.657777114142
53035092500,356551783,17238.09430088152
53029970602,9559342242,28928.646624541714
53053072405,11363011015,17935.01660128602
53053073119,13071427976,35046.41562678419
53053071205,13071427976,10356.282814511185
53053073005,13071427976,30191.439053366987
53053062600,13071427976,3466.123735993516
53053063100,13071427976,5066.356875681267
53053070310,13071427976,23482.313086409475
53053071703,13071427976,8254.785356051902
53053072406,11363011015,14759.402326585237
53053070309,13071427976,23904.214756008336
53053060906,11363011015,4452.540489038574
53035092600,356551783,14439.487402714905
53053070100,13071427976,59740.53024860057
53053073118,13071427976,27546.81915010567
53053070206,13071427976,31282.842025621638
53053060200,12097192054,2983.9489802105777
53053073110,13071427976,19108.742624557144
53053072602,2713355731,29017.052847316554
53053062400,13071427976,3522.7886491642716
53065951402,358665780,60019.628223098975
53053061501,11363011015,211.17124739984163
53065950102,4858168655,159501.622773341
53065950101,4858168655,157175.26277775184
53065951401,358665780,71559.89207350422
53065951301,358665780,70387.7253197876
53065951302,358665780,75379.44422863421
53053073121,13071427976,19069.024545384244
53063004200,358665780,47079.8705242477
53063004300,358665780,46893.52295199624
53033022203,3518714008,8229.769981694153
53033022005,3518714008,6467.5541942242
53033030901,12097192054,14862.358938974408
53033030902,12097192054,15412.358650821516
53033030201,12097192054,10136.06413133173
53053073117,13071427976,32128.36768880234
53063000400,358665780,45339.33507225917
53063000500,358665780,46485.47816139937
53063000600,358665780,47431.11694023583
53053070204,13071427976,27042.405841943208
53053070401,13071427976,19103.265794253144
53053070205,13071427976,28700.992663094697
53053073006,13071427976,38639.368121947846
53053072504,11363011015,17514.983747192888
53053070207,13071427976,34714.222259942995
53053070307,13071427976,24473.15292380103
53053071805,13071427976,10198.890125967648
53053940001,12097192054,5235.295448448823
53007960502,3518714008,117379.20891621974
53063000700,358665780,48488.24633311749
53015000702,8389138771,53989.51684962214
53015001000,8389138771,55024.75478758228
53033030304,12097192054,9030.857388431275
53033030305,12097192054,8079.022358264987
53033030306,12097192054,6676.7358009886175
53057950100,9559342242,27300.587344358406
53057940700,9559342242,24696.328590998408
53007960202,3518714008,113790.33890177468
53007960203,3518714008,94239.9346494664
53007960301,6388426551,147627.5103284517
53007960302,6388426551,146494.18348342742
53007960303,6388426551,152091.87085893116
53007960501,3518714008,123716.25537101271
53007961102,3518714008,140984.13691411348
53007961303,3518714008,138062.78109840117
53007961304,3518714008,133077.0052778014
53007960201,3518714008,97398.25192991788
53007960804,3518714008,137639.69813735154
53033990100,356551783,4483.144322469941
53033032326,3518714008,6508.709567355793
53033032327,3518714008,7830.377488593033
53033025602,3518714008,21789.614532389864
53067012320,10920467847,10267.338909370845
53007960803,3518714008,138093.12154206407
53007961002,6388426551,201639.14271981304
53007961101,3518714008,140037.29528710592
53007961001,3518714008,138963.9546621234
53063002600,358665780,43430.65872359612
53063002900,358665780,42058.466516322886
53063003200,358665780,46526.83017401585
53071920902,358665780,218677.6814372814
53033031400,13071427976,35023.40802865903
53057990100,9559342242,22926.011845163324
53057952401,9559342242,526.027742703961
53057952301,9559342242,2544.0454916665403
53033022001,3518714008,9568.277172113976
53033022003,3518714008,7822.458222733802
53061041703,6562979688,13072.635691369678
53021020606,358665780,243040.21786225695
53011042400,2631801052,9041.130055097678
53033029101,356551783,16652.711747685134
53033031605,3518714008,39733.160239255834
53033031704,356551783,26545.6513197112
53063003500,358665780,46925.030024853906
53027940000,12196495276,53673.80162362515
53011042500,2631801052,9873.253922718313
53011041203,2631801052,13216.719670234213
53033007700,11004965702,2055.684325580423
53015001300,8389138771,52074.54248208643
53015001200,8389138771,57153.050667653755
53015001700,8389138771,57205.47626754743
53015000602,8389138771,55088.87150105488
53015002001,8389138771,35167.067755305805
53015001900,8389138771,45634.51104339413
53015001100,8389138771,57061.588405191455
53015001800,8389138771,55889.2593611703
53015000400,8389138771,55840.94752559336
53011041312,2631801052,16485.783686767398
53011041313,2631801052,14806.998493807512
53033007600,11004965702,1662.5235483085921
53033007800,11004965702,3271.50559705602
53033029206,356551783,16342.246400065766
53033023702,3518714008,6141.010694928073
53033004902,13361539355,2643.2041954140755
53033007406,53184121,1005.7801888333772
53033011601,356551783,2042.1832896974333
53033005803,13361539355,2782.9998642686887
53033023807,3518714008,8477.284872917275
53033029208,356551783,18980.814136730798
53033000403,635748207,1968.336423526809
53033025703,356551783,14735.231711457584
53033025704,11035186711,17633.25670076653
53033011602,356551783,2026.0491387574148
53033004901,13361539355,2220.8193193280135
53033005804,13361539355,3889.153425542635
53033008101,53184118,1381.313113847596
53033007901,11004965702,918.862441924013
53033008102,53070522,837.1243692716906
53033029207,356551783,18632.702569592857
53033007404,53184121,1419.1878935561454
53033007101,53184118,2507.602981063437
53033000404,635748207,1905.3874320756875
53033023701,3518714008,5254.411599608521
53053940010,13071427976,11706.774486854747
53073010900,9115152224,49738.37900163945
53063011800,358665780,32519.27991701059
53063011900,358665780,34080.44008886365
53063012000,358665780,35669.09451845375
53063012100,358665780,37239.99564924063
53067012330,10920467847,5905.387189327345
53005011401,358665780,243176.03593081137
53005011402,358665780,244051.0999619704
53005011900,3518714008,244775.20343050465
53071920802,358665780,214953.39758383378
53041972000,13071427976,95055.94988690499
53041970700,9213346422,2957.2306179022053
53041970400,9213346422,6159.47563371222
53041971000,8389138771,650.8463420280405
53041971300,8389138771,12850.560328043435
53041971800,13071427976,64780.85631928396
53041971100,8389138771,13461.812567535573
53041970300,9213346422,6839.0329823337
53067012420,11787663735,12430.421320645195
53067011000,13900397768,4983.3945532999005
53067012100,2713355731,8022.322098391819
53067010600,13900397768,2443.7909485175223
53033032103,3518714008,16171.899180732731
53067010200,2713355731,2981.3949303531717
53067010100,13900397768,3776.743068919667
53053071506,13071427976,14063.10784787042
53053071601,13071427976,7772.973040527451
53053071704,13071427976,9086.138242880868
53053071705,13071427976,8948.44363874663
53053071706,13071427976,9897.93290007441
53053071707,13071427976,9998.640139838297
53035090202,13361539355,23112.33133540604
53035090501,13361539355,21996.538455578444
53035990100,13361539355,15600.843128280652
53033003800,11609050926,5002.450412927215
53033021500,635748207,7241.353258647341
53033032704,3518714008,33680.29743207463
53033026200,356551783,12355.996515484221
53033032703,3518714008,29123.80388950748
53033032319,3518714008,9692.493858142567
53033032313,3518714008,3046.975311478384
53033031603,3518714008,40510.82724679322
53033026802,356551783,4423.5851319019375
53033023202,3518714008,6161.281969627117
53063013102,358665780,26298.480815067673
53061041400,6562979688,3919.0068176184695
53063000201,358665780,42948.70170137321
53063011301,358665780,35578.569203054154
53063010508,358665780,51980.603817502146
53063002501,358665780,45457.512058900495
53063010101,358665780,26532.969238406527
53063013205,358665780,23057.698768343264
53063010102,358665780,32938.04432578487
53063000202,358665780,42867.542498334384
53063003602,358665780,48541.7542262835
53063004002,358665780,48272.99835672209
53063010901,358665780,46470.25837382268
53063010403,358665780,67771.39276487078
53033021100,635748207,3428.0992788953517
53033021600,635748207,8262.007451074038
53033021802,3518714008,10968.763454656766
53033021803,3518714008,11991.351035582002
53033021804,3518714008,11449.004553567922
53029971100,9559342242,35240.58452985337
53029971400,9559342242,25537.293183277045
53029971500,9559342242,22686.409382326114
53075000100,358665780,110920.36921747659
53075000900,358665780,92096.61733083327
53075001000,358665780,130722.72985965916
53075000300,358665780,116286.89791269613
53075000800,358665780,101361.485190455
53053072309,13071427976,8749.877750033784
53053072311,13071427976,6477.688513083523
53053072407,11363011015,9554.776195874689
53053072408,11363011015,10238.044607630394
53053072409,11363011015,12842.58046379249
53029970601,9559342242,28211.070152366978
53029970100,9559342242,22585.085522118658
53029970200,9559342242,26991.562440422287
53029970300,9559342242,20669.48872596096
53029970500,9559342242,32060.858944196672
53029970900,9559342242,24899.209821568453
53029970700,9559342242,28233.99882293032
53029970800,9559342242,26626.963425420807
53033032601,3518714008,22325.82940809873
53033028300,356551783,13594.102740151824
53033008600,11004965701,470.0687398175464
53033031202,12097192054,28766.95647156438
53025010901,6388426551,233638.6428436195
53053073408,13071427976,11086.089980322988
53061041304,6562979688,5988.025018901456
53033032320,3518714008,9145.629631458823
53033030700,12097192054,17525.64444648332
53033032402,3518714008,13760.229785693997
53033029306,356551783,18355.739583033257
53033024901,3518714008,12395.009583342886
53033031800,3518714008,29553.56882571697
53033029602,356551783,25675.81166170091
53033024800,3518714008,11130.867093647554
53033025803,356551783,16956.72865543847
53033003000,13361539355,2069.9523599784015
53025011001,6388426551,242293.81933745835
53033031904,3518714008,23712.90019480712
53029992201,9559342242,34784.1561215342
53033025500,3518714008,19830.86845740982
53033002500,11609050926,4296.286116243577
53033032321,3518714008,4977.496911176699
53033021000,635748207,2927.380565086863
53033032007,3518714008,31510.80133772652
53033031501,3518714008,43372.1972880377
53033032006,3518714008,36061.02566810849
53025011405,6388426551,259334.91072720903
53025011403,3518714008,199127.126718422
53025011404,6388426551,256342.9378025924
53025010903,6388426551,235525.39166863056
53025011002,6388426551,239238.0021620716
53025011101,6388426551,240447.01745526257
53025010401,6388426551,209210.92212254676
53033029403,356551783,18895.863298541502
53057950802,9559342242,19848.493044222516
53025011102,6388426551,238796.9946683463
53025010904,6388426551,236258.3136435748
53025011406,6388426551,277433.6986502938
53025010402,6388426551,214809.0739908051
53029971000,9559342242,36273.540963913976
53035080101,13361539355,21622.380749200187
53007960400,6388426551,143808.80738182954
53063011600,358665780,36160.4033748058
53057951102,9559342242,65811.69029932412
53057951501,9559342242,12456.412258584976
53057951503,9559342242,13470.957313156474
53057952403,9559342242,3392.5851669686945
53057951502,9559342242,12872.705436623448
53057940302,9559342242,23070.0053925542
53057951101,9559342242,80781.71878494849
53057952303,9559342242,1093.2463756901207
53057952405,9559342242,574.8654301774667
53057940401,9559342242,25217.110746139213
53057940802,9559342242,15156.773762082237
53057940403,9559342242,26632.874217971512
53057950803,9559342242,22427.130567308624
53057940801,9559342242,14768.899795536245
53057940201,9559342242,28033.734906675818
53057952304,9559342242,3849.1925073685684
53057940301,9559342242,22359.471391140196
53057950801,9559342242,16791.673991999338
53025011200,6388426551,223772.4030261292
53057940402,9559342242,24078.574021672044
53057952404,9559342242,1061.4106446674527
53067011627,10920467847,3863.0299327590096
53021020300,358665780,238439.0414865479
53067012332,10920467847,6305.071344656403
53067011722,11787663735,5251.8660540551555
53067012421,11787663735,18189.780180231854
53021020700,358665780,195159.14237908306
53063001400,358665780,45347.895539714045
53057951700,9559342242,5489.4095194237025
53057952600,9559342242,1882.120483455838
53061051702,635748207,13458.677135942527
53053071310,13071427976,15165.328588445669
53053060500,11363011015,2481.89899617609
53011042700,2631801052,10344.45913448557
53077001100,3518714008,171524.1065808161
53077000200,3518714008,170499.68206760887
53077002701,3518714008,237000.2471294837
53077940002,3518714008,197163.97291730833
53077002900,3518714008,150998.5713757405
53077001701,3518714008,190681.08296458275
53077003200,3518714008,165968.69813928928
53077940001,3518714008,184063.8898622873
53077940003,13071427976,164187.66839615628
53035080800,13361539355,24880.45565837842
53035091301,13361539355,32629.027182565464
53035092901,11363011015,28649.893139867592
53035080102,13361539355,20952.50678923288
53035080500,356551783,19660.854497059318
53035091400,13361539355,25272.14362222008
53035090800,13361539355,13804.84294848345
53017950400,6388426551,198657.4141147699
53017950500,6388426551,201936.302363492
53035092701,356551783,15736.095232435175
53011041111,2631801052,12218.919319750823
53011041331,2631801052,14893.434812646654
53011041330,2631801052,15605.723895845442
53011041326,2631801052,17841.068484173567
53011040707,2631801052,18513.992948890886
53033004301,11609050926,5727.114763549348
53033010001,11035186711,4162.692976773507
53033011002,11035186694,7175.6551975096245
53033031705,3518714008,32573.521442471916
53033032213,3518714008,14104.290806947967
53067010910,13900397768,3204.0246749301073
53067011622,11787663735,5005.576079817762
53067011720,11787663735,7709.031074428437
53067010920,13900397768,5189.743097417587
53025010700,6388426551,242961.98461744224
53025010300,6388426551,209111.67758026125
53025010800,6388426551,229498.83614347733
53025010200,6388426551,221774.19115449628
53025011300,6388426551,256910.22769438862
53025010100,6388426551,184091.1978620365
53025010500,6388426551,217037.3915113901
53073940001,13735106009,45505.42549607127
53019940000,6388426551,154056.46573885324
53019970200,6388426551,114095.15187305772
53019970100,4467044293,144142.95640034552
53067011623,11787663735,5504.266008281649
53067010510,13900397768,552.6039033985459
53025010600,6388426551,220773.5555960782
53053063200,13071427976,5217.60892162233
53053063501,13071427976,6477.898968453722
53053063502,13071427976,7677.446706265605
53053070308,13071427976,21429.25196863543
53053070311,13071427976,25768.476242113593
53041970500,9213346422,4583.5433896860795
53041971200,8389138771,20474.973800162752
53041971600,8389138771,22846.460125752372
53041970100,9213346422,18799.102001269188
53053073405,13071427976,14699.654956173728
53053073407,13071427976,12528.13239752409
53011040803,2631801052,17457.43687206195
53011040806,2631801052,17366.320264614413
53011040908,2631801052,17762.250761188465
53073010103,9559342242,79258.60602309018
53073010102,9559342242,63435.47087618169
53073010101,9559342242,51964.06384013229
53073000101,9559342242,42525.588275569695
53073940002,13735106009,51148.80957283065
53073010201,13735106009,43009.20266517155
53073010505,13735106009,37480.701349458184
53073010503,13735106009,41933.29944084443
53073010202,13735106009,35508.53057175356
53073000903,9559342242,37889.70062450875
53073000102,9559342242,43499.025825899706
53073000402,9559342242,40265.256585219184
53073010411,9115152224,29269.425912158236
53073000201,13735106009,47045.022837861216
53073000203,9559342242,44917.35571736812
53049950702,6403036421,31077.866923436926
53073010506,13735106009,40920.565239207586
53073000202,13735106009,44528.32482987874
53073001101,9559342242,35657.94307333941
53061051000,635748207,8667.53541529654
53049950301,12196495276,36976.507014057424
53049950502,6403036421,21959.922806784805
53049950302,12196495276,36151.69232936495
53049950501,6403036421,24145.436211758868
53049950802,6403036421,38658.04512274365
53077001602,3518714008,174052.38067592517
53053072601,11363011015,26303.249243519727
53061051100,635748207,7983.245991419743
53061051200,635748207,9490.97342977175
53005010810,358665780,249811.6730813771
53005010809,358665780,247627.3649267635
53073010600,13735106009,39236.55975689526
53031990000,12196495276,99405.33092325887
53023970300,358665780,151792.42567123598
53053071803,13071427976,8033.2189273675895
53053071806,13071427976,11935.968318443605
53053071901,13071427976,10955.580374406318
53053072000,13071427976,15257.079516174183
53053072105,13071427976,10353.691628797584
53067012610,11787663735,16993.073914952307
53033028500,356551783,10381.642450514413
53067012331,10920467847,6884.268812046016
53067012001,13900397768,3436.443533942304
53067012531,11787663735,30236.84299685451
53067012422,11787663735,19082.726727141187
53067011901,13900397768,11940.141678767943
53067011902,13900397768,9606.16896563823
53067010801,13900397768,8171.072467089326
53067012223,2713355731,666.9083941784498
53067012224,10920467847,1843.9806042785553
53067011721,11787663735,3996.32730814791
53067012225,10920467847,8865.368972731747
53063000800,358665780,49840.937306713226
53063004500,358665780,45056.81711584423
53063001500,358665780,44170.722462364996
53075000400,358665780,116015.29286650407
53075000700,358665780,83183.298849186
53075000500,358665780,111408.5564567547
53029971600,9559342242,30874.488419106707
53029971700,6562979688,21851.847002783474
53029971800,6562979688,23242.84066251046
53029971900,6562979688,21486.973900564448
53029972100,6562979688,14186.07059134284
53029971302,6562979688,30269.396200317053
53029970402,9559342242,26813.514875687506
53029971301,6562979688,28506.989488810803
53029970401,9559342242,29916.131910627355
53063011500,358665780,37478.880001597296
53061052709,6562979688,15195.660531401205
53061053508,6562979688,23692.838418215957
53061051928,6562979688,15051.11322914464
53061052208,3518714008,22989.880819103404
53015000501,8389138771,56996.25608114433
53015000502,8389138771,57337.531060688234
53015000601,8389138771,55679.46626687447
53049950600,6403036421,26108.778497401057
53049950400,6403036421,35020.31536621244
53049950200,12196495276,29565.774100391067
53053072410,11363011015,13328.61687309278
53053061300,13071427976,999.5333530152557
53077002003,3518714008,220554.23051458024
53009002400,12462659239,124288.1602653781
53009002301,13361539355,61979.42812352126
53009002002,13361539355,68891.27559741179
53009002001,13361539355,72136.81508356103
53009002302,13361539355,59243.3386242365
53077001801,3518714008,223082.31636794243
53077003003,3518714008,126844.0914097522
53077002004,3518714008,218844.46177132326
53077002103,3518714008,216626.0797542921
53077002006,3518714008,219771.77178852994
53077001802,3518714008,225948.03560842408
53077002104,3518714008,210103.51698348924
53077002804,3518714008,164438.15551334043
53077000402,3518714008,165144.35168724088
53077000904,3518714008,166500.47185007393
53077000401,3518714008,166620.52967917753
53077000903,3518714008,167850.36988628077
53077003004,3518714008,141811.7262902118
53045960900,13900397768,21380.833723776515
53077000301,3518714008,168276.158476625
53077002005,3518714008,222031.78414956864
53077002201,3518714008,202506.8325778401
53077002202,3518714008,196328.37624753139
53077002803,3518714008,168621.58864751327
53077001503,3518714008,173036.51585175752
53077000302,3518714008,168163.54390489022
53077940007,3518714008,188938.43869445354
53077940008,3518714008,187484.9904739634
53077001504,3518714008,172022.24399942788
53053073132,13071427976,21279.107618808885
53053073127,13071427976,17863.85488743979
53053073130,13071427976,24168.021942368698
53053071413,13071427976,19769.59031190715
53053071416,13071427976,18366.296891653277
53053062502,13071427976,3839.8130444817925
53045940000,13900397768,36231.73551890683
53045960800,13900397768,23170.240939911164
53045961300,13900397768,19404.854178796053
53045960500,13900397768,32695.21701342748
53053070208,13071427976,23009.768116729527
53077003002,3518714008,155392.41111448855
53067010520,13900397768,2478.4848500760713
53067990100,2713355731,11389.951821346085
53035080300,13361539355,20502.706814947072
53035080400,13361539355,19020.702362677654
53035091201,13361539355,24322.589311595417
53053071412,13071427976,17354.622438191524
53053073129,13071427976,21769.18219102622
53053073133,13071427976,21469.901365887035
53053071212,13071427976,17549.564179498786
53053072508,11363011015,17968.79265570394
53053072801,10920467847,13879.80338126328
53053072909,13071427976,23601.933748730116
53053940013,13071427976,8182.3705924675105
53053071417,13071427976,17404.789481887376
53053062902,13071427976,6032.623740829656
53053072908,13071427976,20880.476637629326
53053071604,13071427976,10316.025060410284
53053063402,13071427976,7787.903562979324
53053071603,13071427976,9243.015491700926
53053072509,11363011015,15718.553466520214
53053073502,13071427976,13356.879608404144
53053072315,13071427976,11550.100445407606
53053062501,13071427976,2919.3335013746264
53053072314,13071427976,8591.618872009303
53053073131,13071427976,19806.261479886114
53053071414,13071427976,21189.871699577652
53053063302,13071427976,5529.4541987859
53053063301,13071427976,6211.556910987633
53053940012,13071427976,7858.7104910632115
53053072802,10920467847,15732.921717841755
53053073128,13071427976,19540.89543721745
53053071211,13071427976,17049.533240690325
53053073501,13071427976,13349.298641560163
53053071415,13071427976,21912.479908009984
53053070209,13071427976,26045.65510462342
53053063401,13071427976,6595.683125293866
53053062901,13071427976,4209.123043807988
53033007902,11004965702,1257.3346371923797
53063011702,358665780,32971.378082398674
53063014400,358665780,41546.79978562287
53063014500,358665780,43288.71979001571
53053073124,13071427976,22817.86477513459
53061040100,6562979688,3248.3781288046885
53061040300,6562979688,2157.1763969730464
53061040800,6562979688,915.7842358552915
53033001800,11609050926,2276.061429070839
53033001900,11609050926,2153.8842922396684
53033002000,11609050926,2848.151858773318
53033002100,11609050926,3638.996516016678
53033002400,11609050926,4834.415423318412
53033002600,11609050926,4003.3875283473485
53033002900,13361539355,2481.733383136058
53033028600,356551783,11364.593434231932
53033028700,356551783,12915.04469478614
53033028801,356551783,13370.839217388539
53033028802,356551783,13521.040837247452
53033028901,356551783,15018.77307102169
53033031908,3518714008,25168.043021531248
53033032005,3518714008,33797.744092848
53033032008,3518714008,34518.87273604269
53033031909,3518714008,26199.85110198205
53033025806,356551783,14758.796358398147
53033023404,3518714008,12287.773087501202
53033023403,3518714008,10369.135551267545
53077001502,3518714008,173991.24185439534
53077001202,3518714008,173075.5780079387
53077000902,3518714008,168514.30225118302
53077940006,3518714008,199294.28189770968
53033025005,3518714008,15910.125200728668
53033029102,356551783,18264.696329844865
53033030006,12097192054,12694.172939348076
53033030314,12097192054,10620.853129169189
53043960200,358665780,99445.23918162606
53043960300,358665780,142640.49217046428
53043960400,358665780,122895.49099190485
53043960100,358665780,102163.09164652752
53061053605,6562979688,19610.142137263447
53061051935,6562979688,17320.18062791262
53061050501,635748207,11031.336684224094
53061052807,6562979688,14366.987026523215
53061052710,6562979688,9695.778380244588
53061051932,635748207,11548.057599430489
53061051938,3518714008,13416.235385976815
53061041813,6562979688,8593.879803451448
53061051914,635748207,9094.501171604337
53009000900,13361539355,93868.16292399306
53009001000,13361539355,92747.68043218527
53025011401,6388426551,259294.70365478448
53033030313,12097192054,10931.733974765146
53033031604,3518714008,36559.06883405986
53077940005,3518714008,199704.95623507368
53033004302,53184121,6159.438850446086
53033010002,11035186711,3146.9993419584944
53033025302,11035186711,14542.129911757804
53033025006,3518714008,16432.423236836632
53033001702,11609050926,2797.8702789263293
53033023300,3518714008,8119.8568529493205
53033012000,356551783,2629.7881219906703
53033027800,356551783,9113.738059407098
53033032318,3518714008,8435.636826446307
53033032322,3518714008,6341.173119481696
53033032323,3518714008,3100.634704000253
53033032325,3518714008,2331.6487677615896
53033008002,53184118,1551.7807398570048
53071920801,358665780,213568.08521850102
53063013800,358665780,64395.85357843694
53073010302,13735106009,32083.277598104414
53061042005,6562979688,12621.148850367003
53061052104,6562979688,3768.692333938719
53061051500,635748207,11773.68829814972
53061040900,6562979688,2459.2224191354926
53061053505,6562979688,20848.99465233833
53011040412,2631801052,21626.107173515447
53011040416,2631801052,31575.357951301616
53011040413,2631801052,26506.102100223183
53011040712,2631801052,20046.902765816372
53011041333,2631801052,16881.00110274521
53011040608,2631801052,18956.941515426148
53011041329,2631801052,16120.063975372612
53053072503,11363011015,21111.550335428838
53073010406,9115152224,25899.845473899575
53073000807,9559342242,31150.48282509442
53073010504,9115152224,36075.5974180279
53073001102,9559342242,39527.86587720687
53073010407,13735106009,33650.485140628785
53073010410,9115152224,25782.526552768875
53073010408,13735106009,26867.06974292174
53073010409,9115152224,21974.22672331044
53073000809,9559342242,32814.059199988405
53073001203,9559342242,35835.65040070278
53073000302,9559342242,42654.05041371985
53073000301,9559342242,41754.358992307374
53073000904,9559342242,37081.27068072492
53073001204,9559342242,35830.92925553421
53073000808,9559342242,34132.73108870222
53073000401,9559342242,41127.230060011905
53073010405,9115152224,23317.875759410992
53011041003,2631801052,13151.509524239644
53033028000,356551783,8160.893642134397
53033028100,356551783,8893.959317684285
53033028200,356551783,10167.756719966572
53033028402,356551783,10472.45119186221
53033029304,356551783,18251.99233880437
53033029305,356551783,17141.523589136883
53033029405,356551783,20014.47460960807
53033028403,356551783,12220.855573032059
53033029407,356551783,19922.666844117317
53033029408,356551783,20347.556487662194
53033029504,356551783,21528.866983944237
53045960600,13900397768,26325.605625330332
53045961000,13900397768,17028.512099699758
53045960100,13900397768,54647.12896518797
53033023401,3518714008,9705.285189978433
53033007102,53184118,3212.7304712011305
53033007405,53184121,822.7249400887483
53033023808,3518714008,8380.192453481164
53033007403,53184121,1354.5226682271486
53045960301,13900397768,43584.917847595156
53033009400,11035186711,1958.0656393020006
53011041335,2631801052,17469.762193945746
53011040713,2631801052,20982.821116951563
53011041208,2631801052,10760.640446852296
53011041207,2631801052,11543.188888974342
53011041114,2631801052,14481.99624033881
53011042601,2631801052,8333.782138681818
53053072506,11363011015,13853.390947406207
53053072507,11363011015,12702.837397594982
53033005100,13361539355,3689.069522634281
53033005600,13361539355,3562.8277207175574
53029972000,6562979688,15084.610567079784
53033027701,356551783,12216.108102368697
53033029205,356551783,18011.39055652536
53073011000,8508815922,34873.14611084037
53053071207,13071427976,16126.106478641848
53053071209,13071427976,16568.296091322416
53053071210,13071427976,17473.969436165662
53053071304,13071427976,15956.160549696948
53065950900,358665780,112765.79725310444
53065950700,358665780,94865.44075570072
53065950300,358665780,125661.64443938975
53065951100,358665780,90354.43017092513
53065950200,358665780,126881.03235644194
53065950800,358665780,98455.09945642315
53065941000,358665780,96426.16812836465
53065950600,358665780,117077.15132932253
53065950500,358665780,123591.10644380779
53033022006,3518714008,6299.062879583881
53045960202,13900397768,34398.96758961727
53045960403,2713355731,32182.22626433572
53045960201,13900397768,49557.464227116565
53045961102,13900397768,21969.576814447442
53045961101,2713355731,19665.069452399457
53045960302,2713355731,46882.02152705729
53045960401,2713355731,43690.85692271729
53063004800,358665780,42900.457244431745
53011040907,2631801052,19279.276799725452
53045960402,2713355731,38865.59771232683
53033021903,3518714008,6192.882732291556
53033021904,3518714008,6032.667300054694
53033021905,3518714008,8690.144177267684
53033021906,3518714008,7955.646537064163
53057951000,9559342242,31686.316498247383
53057952100,9559342242,8606.348722028022
53063001100,358665780,48484.854340041566
53063001200,358665780,47430.011842702945
53063001300,358665780,46468.52500350249
53063001600,358665780,42929.4860997785
53057940600,9559342242,22558.2126591577
53045960700,13900397768,23976.744036797227
53045961200,13900397768,28410.262895950535
53033009500,11035186711,3812.6138410703575
53033032011,3518714008,34558.034000566855
53033032215,3518714008,12860.913063862017
53033001701,11609050926,2364.747015159535
53033010401,11035186711,5947.499397272143
53011040808,2631801052,16399.544510524578
53011040810,2631801052,15445.756879716986
53011041011,2631801052,12728.075818028945
53011041112,2631801052,13314.017259532564
53017950200,6388426551,180609.28446603328
53017950300,6388426551,205824.97644186253
53001950200,358665780,155382.82747701573
53001950400,6388426551,271975.7801957306
53001950100,358665780,134548.4609453305
53001950500,358665780,204115.31343818732
53033010701,356551783,941.079623588174
53033011001,11035186711,7737.204125875951
53033025601,11035186711,17421.07120480254
53033025805,356551783,15730.323692814447
53033030005,12097192054,13652.142628936002
53039950200,2631801052,122732.15343851532
53067010300,2713355731,2446.100784844154
53067011810,13900397768,13349.952965165883
53033025702,11035186711,19602.530488388737
53033025804,356551783,17288.77887673908
53033026001,356551783,10583.124243109609
53033028902,356551783,15781.55407597625
53033029001,356551783,16997.129915486978
53033024500,11035186711,8838.655630906245
53033024601,11035186711,9593.917409032667
53033022402,3518714008,6698.770075954854
53033031910,3518714008,23905.05962206208
53033022401,3518714008,5778.105188921125
53033026004,356551783,11839.012474060037
53033006703,53184118,3258.958122317188
53033029804,356551783,20242.253362566524
53033027901,356551783,8090.5869267702565
53033009801,356551783,4819.82952039859
53033030406,12097192054,11999.261453522884
53033004101,11004965702,6444.162435253083
53033004702,13361539355,429.62628092629245
53033032219,3518714008,14329.56325560442
53033004202,11609050926,6167.097940191952
53033007503,11004965702,511.890426349395
53033026102,356551783,9804.58427422274
53033025104,3518714008,19353.73966328918
53033031709,356551783,26184.047501679324
53053072901,13071427976,13202.704901112711
53053072903,13071427976,17300.133397473575
53061041812,6562979688,12002.413260490797
53061041810,6562979688,10433.834237179291
53061051926,3518714008,13616.00083547223
53061052114,6562979688,14653.123659862056
53061053604,6562979688,19503.217766146347
53061052906,6562979688,11188.830962594368
53037975500,3518714008,137649.31305999027
53037975700,3518714008,169715.94973828353
53037975600,3518714008,141557.32910652497
53037975300,3518714008,147744.0457584662
53037975402,3518714008,143999.26952824637
53053072106,13071427976,9170.441607184664
53053072107,13071427976,12019.142058370959
53053072108,13071427976,13731.710721332893
53053072109,13071427976,15189.697900963558
53063004400,358665780,45435.8286993378
53063004602,358665780,42341.27577382208
53053072111,13071427976,13869.87203456285
53053060800,11363011015,3466.53750129633
53053940008,12097192054,5219.307803218217
53077001000,3518714008,169872.19543020605
53077001300,3518714008,174844.81672832964
53077001400,3518714008,175853.86885725168
53005010500,358665780,245693.9339797875
53005010600,358665780,246447.925017304
53005010902,358665780,246247.24630111773
53005011002,358665780,245219.50315669642
53077001201,3518714008,172148.3520183688
53077001901,3518714008,231492.81633734377
53015000703,8389138771,53739.838768137415
53035090502,13361539355,20249.910214977055
53011041009,2631801052,15724.545341718718
53011041104,2631801052,15801.737658894419
53033024602,11035186711,10588.509715999193
53033024701,3518714008,13014.11881097715
53033025001,3518714008,15232.69755681961
53033025101,3518714008,18325.98432887764
53033030403,12097192054,10461.012218827758
53033022102,635748207,8888.112434845345
53033022201,635748207,7991.838034503173
53061052120,6562979688,12899.449294090464
53061041907,6562979688,7622.670177461927
53061041906,6562979688,7627.275032536169
53061041814,6562979688,8318.523929376648
53061052119,6562979688,12254.424857890157
53061050403,635748207,11288.773700635818
53061041815,6562979688,11401.101290588753
53061052505,6562979688,6800.393970378609
53061053510,6562979688,25328.391468803635
53061052808,6562979688,15017.185020097517
53061052810,6562979688,12381.222597364758
53061052008,6562979688,12125.05818323679
53061052121,6562979688,11686.928598168926
53061052010,6562979688,13568.48834967605
53061041610,6562979688,10636.245367751346
53061052009,6562979688,15024.890101396315
53061051934,6562979688,16320.441894919504
53061051936,3518714008,16677.046191236906
53061041816,6562979688,12568.935050352991
53061051933,6562979688,15771.361366138332
53061050502,635748207,10204.052609026814
53061051937,3518714008,15177.108535343144
53061052210,3518714008,22606.25452788707
53061050404,635748207,10768.211000839452
53061052809,6562979688,13271.618942807818
53061052211,3518714008,20063.066357185315
53061051931,635748207,13012.75794687761
53061052711,6562979688,12363.918929910518
53061052122,6562979688,14265.853960844819
53033029003,356551783,17495.4254131374
53033029004,356551783,17964.768302335626
53033029203,356551783,19358.199829610036
53033032003,3518714008,31946.239750903816
53033032800,3518714008,50111.02895908497
53033024902,3518714008,12003.511849500508
53033032002,3518714008,27749.51520958184
53033032102,3518714008,23618.28912038076
53033032500,3518714008,22919.647015701787
53011042900,2631801052,10207.56467803492
53011040203,2631801052,34038.65230507197
53011041317,2631801052,13413.946249581431
53011041310,2631801052,13229.56464544767
53011041600,2631801052,11218.566409160432
53011040905,2631801052,23254.139054183488
53011040201,2631801052,39496.693133058965
53011040504,2631801052,35408.614741154124
53011040605,2631801052,22418.27241365607
53011041005,2631801052,17038.887099113606
53011040102,2631801052,38887.17851499368
53011040403,2631801052,27676.283341075137
53011041400,2631801052,19130.600043977483
53011043100,2631801052,9991.04921578843
53011041105,2631801052,14592.780260099555
53011040604,2631801052,20692.275200035896
53011041500,2631801052,22414.021571110577
53011041309,2631801052,12206.128247282952
53009001702,9559342242,69146.24056500223
53009001701,13361539355,75926.75607572644
53009001901,9559342242,68848.75640782127
53077003100,3518714008,159136.61014378798
53015001503,2631801052,45554.94372367693
53015001504,2631801052,40630.99690988355
53015002003,8389138771,41207.28280610631
53015980000,8389138771,59462.46663279525
53015000902,8389138771,50865.82215346458
53011040511,2631801052,30583.97209890892
53009001902,9559342242,65604.38923946723
53033032311,3518714008,11256.961955529801
53033000900,635748207,4972.434930508184
53053071408,13071427976,15132.232020362222
53053071411,13071427976,19435.888552642402
53053071503,13071427976,12360.85687348517
53053071504,13071427976,10998.192084826025
53061041809,6562979688,9755.484712768837
53061052708,6562979688,11367.654997239188
53061053507,6562979688,21762.94767607099
53061040500,6562979688,2478.617840140284
53067010400,2713355731,4456.419099970338
53061040400,6562979688,1070.7437093591784
53053060908,11363011015,6465.588673416789
53053060907,11363011015,5660.657167492662
53053061502,12097192054,187.91126250246097
53033006000,13361539355,3279.327506573988
53033006600,53184121,2541.9362608946085
53033006800,13361539355,3851.6865881074655
53033006900,13361539355,3739.367125696468
53035092802,12097192054,22617.088037657533
53035092803,11363011015,20101.492490604167
53033000300,635748207,1742.828370022912
53033000700,635748207,2657.0054850913657
53033000800,635748207,3864.4985579330823
53011041325,2631801052,15633.613725113413
53011042800,2631801052,9510.268711901937
53015000901,8389138771,50171.33900012321
53035092902,11363011015,24503.298379960343
53035080700,13361539355,23801.31299470906
53035080900,356551783,25344.613894929225
53035081000,356551783,22830.108354361677
53035081100,356551783,22207.93364274008
53035081200,356551783,21132.17195886229
53035081400,356551783,20727.562035835468
53061051804,6562979688,13820.7172089806
53061051803,6562979688,14346.279772422997
53053071505,13071427976,12619.929408719918
53021020501,358665780,243669.72302177094
53063010601,358665780,53054.72447658202
53063010401,358665780,59923.14539548411
53061041701,6562979688,9644.421611150688
53061041805,6562979688,7000.823760615263
53033030308,12097192054,8799.22217081174
53033031301,13071427976,30083.61891288578
53033031906,3518714008,25595.83144854532
53033032104,3518714008,19563.199710166304
53033032315,3518714008,11625.117186461126
53033032401,3518714008,15998.95669149478
53033000402,11609050926,1144.7902958729014
53033000500,11609050926,2647.6718109724366
53033001100,635748207,2476.5137252769855
53033001300,11609050926,1380.2853296004243
53033001500,13361539355,3614.3771817719526
53053061002,11363011015,5549.34458868568
53053061100,11363011015,3657.4696227007803
53053061200,11363011015,2203.0789528318296
53053061400,13071427976,628.4249870949608
53053061601,12097192054,1181.9228518001414
53053061602,13071427976,950.54156196146
53053061700,13071427976,965.8558414847254
53053061800,13071427976,1995.8518642826339
53005010701,6388426551,328869.7981329679
53005010703,6388426551,323712.50530379097
53005010814,358665780,256196.26983121366
53005010811,358665780,252176.59502720623
53005010807,358665780,258943.21321492177
53005011504,358665780,244841.4375319362
53011040910,2631801052,21011.66228513208
53011040414,2631801052,28772.928680021912
53011040909,2631801052,19134.312920458287
53011040709,2631801052,20600.9523851161
53035090901,13361539355,11725.403879337138
53007961301,3518714008,135451.45539663202
53007960801,3518714008,133776.94943123887
53035092102,356551783,27528.93509090263
53035091205,13361539355,21256.53032921941
53035092101,11363011015,32384.36593004454
53035091701,13361539355,17335.80177592404
53035091702,13361539355,18367.015230864457
53035091002,13361539355,12850.382277615156
53035091206,13361539355,22072.62368425493
53035091001,13361539355,14765.901666618556
53035090902,13361539355,10191.597014857545
53063001000,358665780,50029.93429543502
53005010400,358665780,246588.19667094047
53003960200,358665780,152897.02929689924
53053072310,13071427976,7391.589962052585
53063013700,358665780,54303.35192422772
53063012200,358665780,39360.97779374124
53063012402,358665780,33316.19460573666
53063012300,358665780,39681.26119878291
53063013300,358665780,32557.940620361776
53063014200,358665780,71324.77035932604
53063013401,358665780,40658.20980935322
53063011400,358665780,30831.955335442606
53063003900,358665780,47806.2387173047
53063014100,358665780,70603.13830784462
53063010304,358665780,56509.67731788772
53063014300,358665780,49280.81687605527
53063003800,358665780,50314.607534970346
53063004900,358665780,45036.53331936882
53063013201,358665780,22081.822617166777
53041971700,8389138771,37623.06708129267
53005010708,358665780,249421.4798207265
53005010705,358665780,249780.47894031391
53005010707,358665780,251301.94694195973
53035091500,13361539355,22169.54157850173
53035091600,13361539355,19843.255350329302
53035091204,13361539355,22328.80222156633
53007960600,3518714008,126760.05820750675
53007960100,6388426551,132158.23000988428
53007961200,3518714008,146028.64990393608
53007960700,6388426551,186393.25588670923
53073000501,9559342242,39167.13864495243
53073000502,9559342242,39497.13296882241
53067012221,2713355731,7651.494780833022
53067011822,13900397768,11705.025464093873
53033027400,356551783,6584.82288381225
53033027500,356551783,6167.172769335733
53033027600,356551783,6535.904779106183
53063011701,358665780,36415.33708201519
53033027702,12097192054,12739.77656037273
53061041808,6562979688,9644.74381038498
53017950600,6388426551,200885.7790169861
53017950700,6388426551,202546.3145743648
53017950800,6388426551,204157.80731447868
53035091800,13361539355,18105.540120115704
53035090201,13361539355,25504.55783588305
53035092704,356551783,11861.778436326975
53035090102,13361539355,20094.565179280213
53035090300,13361539355,26057.316366302817
53035090400,13361539355,23135.141595698446
53051970200,358665780,87200.61399428624
53051970400,358665780,64903.687570154376
53051970300,358665780,60997.9845546825
53051970500,358665780,51068.05348911257
53051970100,358665780,123806.07627505026
53011042602,2631801052,9715.128404732719
53011040305,2631801052,32344.171107468672
53011040304,2631801052,27809.500699212236
53011040303,2631801052,28339.631709566107
53011040715,2631801052,23633.531540292235
53011041337,2631801052,13928.023683473055
53011041336,2631801052,14790.418065219583
53011040811,2631801052,19656.383314072667
53011040812,2631801052,19005.98526169669
53011041334,2631801052,18562.220178578198
53011040513,2631801052,26650.851703818204
53011040512,2631801052,28181.349254764646
53011041113,2631801052,13434.884146772138
53011040714,2631801052,19951.01820009348
53041970600,9213346422,3441.474911198308
53041970900,8389138771,2707.845497296508
53041971400,8389138771,3643.1508808535127
53041971900,8389138771,60732.52758650485
53041970200,9213346422,3432.8277095099293
53041970800,8389138771,2934.644174669483
53061990002,6562979688,9732.657375609018
53061051927,6562979688,15817.244103463756
53061052706,6562979688,7695.151109089737
53061052707,6562979688,9127.50546501407
53061051922,635748207,13613.419337563768
53061051921,6562979688,17333.066874512726
53061053509,6562979688,21100.738165496616
53061053603,6562979688,16617.497926456505
53061052905,6562979688,10522.620521896823
53061041303,6562979688,4724.586898167197
53061052605,6562979688,11903.263377070836
53017950101,6388426551,149668.6153623783
53061053801,3518714008,56842.68033252805
53061940002,6562979688,14749.758128890977
53061052204,3518714008,22918.378460664288
53061051802,635748207,14662.418666670428
53061042001,6562979688,10515.186942573911
53061052108,3518714008,17663.599066413484
53061041901,6562979688,9701.244642006555
53061042003,6562979688,14290.95271080107
53061041000,6562979688,1827.0286160305425
53061051912,3518714008,12838.830714742411
53061052007,6562979688,15280.24880184416
53067012720,9213346422,15175.522119204916
53067012620,9213346422,17744.478056235006
53067012412,11787663735,21547.30579080878
53067012530,11787663735,17646.119458003213
53067012510,13071427976,48983.49983396141
53067012710,9213346422,11931.404638467779
53033023100,3518714008,7710.203157622446
53061041100,6562979688,3588.7157629747535
53061041201,6562979688,3940.206821156556
53061041301,6562979688,7884.732875117716
53061041500,6562979688,4253.48998064567
53033011101,11035186711,7891.6354962887435
53033023201,3518714008,6104.106850981639
53039950103,2631801052,157560.27685573595
53039950101,2631801052,178313.74028363646
53039950301,2631801052,93756.39112939278
53039950102,2631801052,143300.4890618745
53039950302,2631801052,100153.11388188353
53001950302,6388426551,267107.4673140631
53001950301,358665780,193333.2141219545
53001950303,6388426551,276691.0260315236
53009001400,13361539355,84477.74745555011
53009940000,11885264935,105942.65373663732
53009002100,13361539355,70726.93292652305
53009001200,13361539355,91107.15408672804
53009001300,13361539355,88873.19293487507
53009001800,13361539355,70742.15717530872
53009000300,12196495276,115093.87915903796
53063012401,358665780,36810.6961060402
53063010504,358665780,43911.39826749491
53063011202,358665780,40333.049407059836
53063005000,358665780,44530.26709396013
53063010301,358665780,57522.72726366577
53063013600,358665780,52431.11295118126
53063003100,358665780,44881.47279409288
53063002502,358665780,44691.317734667566
53063010303,358665780,55397.47881465454
53063014002,358665780,64347.54447925387
53021020102,358665780,235130.8567281629
53011040809,2631801052,16284.014194557956
53011041010,2631801052,14273.220011556452
53041971502,8389138771,23440.844290125806
53041971501,8389138771,16186.369429245093
53075000602,358665780,105531.16001791568
53075000601,358665780,109917.33584037368
53075000202,358665780,110613.69451583113
53075000201,358665780,105524.20295442807
53011043000,2631801052,10653.899502034517
53011040507,2631801052,29624.05943289446
53033024200,11004965702,6639.043427024911
53033026600,356551783,2411.695790429736
53033032207,3518714008,11526.098569558877
53033031204,12097192054,25001.921719310332
53003960400,358665780,144361.79800920477
53063010201,358665780,44168.88149583825
53063010305,358665780,47637.146619745756
53063000301,358665780,43820.8774452731
53053071902,13071427976,12151.701801138994
53053071409,13071427976,16168.283286390333
53053073001,13071427976,30953.26763759076
53053073200,13071427976,50951.030472219565
53053940005,12097192054,5990.420639722979
53053060300,11363011015,7645.02456411094
53053060400,11363011015,4174.1053613167705
53053060600,12097192054,1488.7970480965203
53053060700,11363011015,2077.9989182382283
53035091900,13361539355,21582.36870490223
53035092200,356551783,21044.02297107419
53035092300,356551783,19563.386374022262
53021020802,358665780,195172.03094958974
53021020608,358665780,225933.90592874333
53021020607,358665780,238668.37597379
53021020801,358665780,216481.41235639266
53021020504,358665780,240896.00012229217
53005011801,3518714008,251069.59254491777
53021020404,358665780,240226.45582848284
53021020401,358665780,240631.30751432656
53021020402,358665780,239465.64838207755
53005011702,3518714008,244127.05750897224
53021020101,358665780,238415.0370643195
53005011802,3518714008,227667.34765112723
53021020403,358665780,239676.37275769227
53021020202,358665780,238458.96457296645
53021020201,358665780,239308.04760566584
53077003400,3518714008,163594.86146472476
53063004601,358665780,43477.873378081655
53005010817,358665780,249816.55829723066
53021020503,358665780,242321.95736960173
53005010818,358665780,249653.72742749672
53005010819,358665780,248362.87094090463
53021020103,358665780,237013.36431101247
53005011701,3518714008,241364.9653802979
53005011506,358665780,249305.10885328587
53005010203,358665780,242371.56369467222
53005010820,358665780,246380.88487159132
53005010815,358665780,249232.15828395454
53005010816,358665780,248000.21637495715
53005011505,358665780,246722.082480546
53011041107,2631801052,15397.40318560501
53063010800,358665780,46055.724352381905
53063011102,358665780,45476.41975221753
53063012500,358665780,35734.89077660318
53063012600,358665780,34317.51142153277
53063012701,358665780,32715.276111086394
53063012702,358665780,32707.698223568936
53063012801,358665780,33831.74830038086
53027001000,12196495276,1566.6917250338222
53027001100,12196495276,865.4854109939507
53031950202,13361539355,40252.59188357393
53031950602,9559342242,46893.831658914474
53031950400,6562979688,37705.836021988755
53027001200,12196495276,1952.205249990146
53049950801,12196495276,45292.08951073169
53049950701,6403036421,36140.919890971854
53053070403,13071427976,25637.980387788797
53053070313,13071427976,19654.723123325733
53053070314,13071427976,19417.274978361853
53053070316,13071427976,17618.841972683986
53033005305,53184121,5399.580947489635
53013960200,358665780,177081.16410949983
53067011821,13900397768,12504.662702067833
53067012730,9213346422,20803.116805464106
53067012211,2713355731,4896.687456506636
53037975201,3518714008,104709.62231296289
53037975101,3518714008,90112.62165307601
53037975103,3518714008,105228.21337764034
53037975104,3518714008,99536.34324258767
53037975203,3518714008,128658.6682736865
53037975102,3518714008,102798.18972212866
53037975202,3518714008,144396.8544941649
53037975404,3518714008,141321.76376710198
53037975403,3518714008,142896.91844204118
53053072603,10920467847,19437.719743975867
53061041704,6562979688,12185.81687587423
53053072907,13071427976,16882.447858905995
53009000600,12196495276,113236.51210778413
53009001500,13900397768,109128.91351003973
53009000700,8508184533,127346.41026341074
53009001600,9559342242,75795.18026160235
53009001100,13361539355,91354.40584451181
53033010200,11035186711,7311.689592647415
53033010800,356551783,1867.777493007782
53033010900,356551783,3666.2572157866744
53015001501,2631801052,55952.736099444024
53015002100,8389138771,56267.6782377156
53009000800,8508184533,128480.81084396696
53061042006,6562979688,11219.651956426396
53061050102,6562979688,14566.987084975668
53053073122,13071427976,20315.43033537185
53061050600,635748207,9132.184019314438
53061050900,635748207,7842.114587416642
53033029406,356551783,21152.802705119444
53061041904,6562979688,6941.736918627298
53033029901,12097192054,14206.88197225877
53033029902,12097192054,15447.303163033384
53033030404,12097192054,12621.521501496154
53033030501,12097192054,17474.11335122402
53033030503,356551783,24233.321841582223
53061041905,6562979688,9005.361508242038
53061042004,6562979688,13019.111461302264
53033009600,356551783,6321.385290303996
53033009701,356551783,5461.885612395405
53033009702,356551783,4732.821347922291
53033009900,356551783,4522.331631739056
53073000600,9559342242,38706.4221793687
53073010301,13735106009,29818.02658685654
53073010303,13735106009,30228.904571142546
53063000900,358665780,50471.91489114381
53063002300,358665780,48906.51288900596
53063002400,358665780,46915.700452913225
53033023801,3518714008,9736.23570643211
53033026700,356551783,4128.649716092034
53033026801,356551783,3465.3370020507937
53077001601,3518714008,174920.50958329905
53077002801,3518714008,163095.01631650925
53077002101,3518714008,211489.88002929417
53077001902,3518714008,230917.65668452455
53009990100,12462659239,105435.28438196504
53033030504,12097192054,18868.071055505283
53033030600,12097192054,18789.695169876893
53033030801,12097192054,16349.382164715767
53033030802,12097192054,17898.17594309507
53011040711,2631801052,18814.90298029782
53011040415,2631801052,29305.944245771232
53011041332,2631801052,16423.897523524938
53033010402,11035186694,5543.023165781611
53033010702,356551783,1466.847480794046
53033011402,356551783,1536.7662459070968
53033011401,356551783,614.344785230667
53067010700,2713355731,2968.304322470354
53053070703,13071427976,10042.65222357186
53073000700,9559342242,39622.408523199636
53073001000,9559342242,37332.1019813776
53067011100,13900397768,3007.661928600179
53053940009,13071427976,10405.866642130968
53053940004,13071427976,7117.2226339857525
53053071100,13071427976,9761.175842340363
53053071206,13071427976,13020.207400410802
53033027000,356551783,5270.862857003339
53033027100,356551783,6870.558680809544
53033026500,356551783,3249.739302186492
53033027200,356551783,8257.539941694662
53033027300,356551783,7858.270199103952
53055960400,9115152224,72951.41400066273
53033022702,3518714008,5224.238908824893
53033031601,356551783,30951.85717610798
53033011102,11035186711,8447.520966335673
53033032316,3518714008,5671.884137657153
53033002700,11609050926,3091.3146163108563
53033031502,3518714008,61075.92148832271
53061053400,9559342242,22523.48251160396
53063011000,358665780,46931.52871572733
53061052903,6562979688,8914.176492220317
53061940001,6562979688,10777.646224344806
53061053201,9559342242,24821.94146061356
53061053301,9559342242,17943.764596843004
53061053700,6562979688,64504.83663909744
53053940002,13071427976,6355.689869950464
53053073123,13071427976,21633.26087970277
53053070404,13071427976,22754.626500310434
53053070315,12097192054,20602.217783548407
53053070312,13071427976,20705.014153391665
53005011202,358665780,242989.570801671
53005010204,358665780,244496.374635233
53033011801,11035186711,9504.784697282508
53061040200,6562979688,3448.533312510817
53061050300,635748207,12532.304386322963
53061051917,635748207,10314.884166052723
53061052401,6562979688,10493.014990762396
53033002800,11609050926,3374.1914183604936
53011041322,2631801052,12854.217067410531
53011041323,2631801052,14237.937240968147
53011041700,2631801052,10996.713054054391
53011041800,2631801052,11267.835940742008
53053072313,13071427976,6256.238644435219
53053071807,13071427976,9167.646176784037
53053072312,13071427976,7047.208620163894
53053071808,13071427976,7663.91351979156
53061041202,6562979688,5374.431115890913
53049990100,6403036421,44093.3629697178
53035092801,356551783,19359.275904931532
53035940100,13361539355,16829.28697220177
53071920701,358665780,216330.4015787564
53011041900,2631801052,11355.397461608798
53011042000,2631801052,11970.214956144657
53011042100,2631801052,11203.684368583827
53027001601,12196495276,23589.654858057427
53027000502,13900397768,31748.675432616885
53027000401,12196495276,29644.50168804263
53027001602,12196495276,16381.799310337512
53027000202,12196495276,28989.665567144144
53027000402,12196495276,20302.846925189428
53027000501,12196495276,30192.32154286724
53027000201,12196495276,22727.253232279534
53067011200,10920467847,881.9374977473626
53067011300,11787663735,1592.2952161412654
53067011410,11787663735,1792.0603760423983
53005011201,358665780,243287.0069736918
53067011500,10920467847,3852.7799386182373
53033006500,53184121,2270.6286366731674
53033003100,13361539355,2563.153480504252
53011042300,2631801052,10147.109174047468
53059950100,2631801052,84250.66188288704
53059950400,2631801052,81453.19714869787
53059950300,2631801052,61181.341531337595
53059950500,2631801052,66613.81467728294
53059950200,2631801052,47492.96992552032
53033003900,11609050926,5679.076758001879
53055960102,9115152224,61063.0997655365
53055960101,9115152224,57651.359319190524
53055960103,9115152224,58316.53797441031
53055960501,9559342242,42886.409642508246
53055960502,9559342242,42309.74212306113
53055960301,8508815922,71754.50505912512
53055960302,9115152224,76477.63409876492
53033032604,3518714008,25136.498528230313
53033025007,3518714008,13501.104269917598
53033032216,3518714008,9910.47390027372
53033030405,12097192054,13760.264798003835
53033005306,53184121,5850.358721689183
53033032331,3518714008,609.1813195857055
53033005902,13361539355,2636.7923946826972
53033007201,53184118,1798.3276919464151
53033005202,53184121,5197.319142904213
53033003602,11609050926,3979.54317963565
53033022205,3518714008,7668.548630739925
53033032224,3518714008,11858.448682494098
53033020301,635748207,6566.411566800328
53033005201,53184121,5417.734338351186
53033023901,3518714008,10407.84782823717
53033008402,12219557986,605.5504097442457
53033007302,53184118,1033.794031200309
53033025201,11035186711,14468.416217033211
53033032706,3518714008,51500.71520071009
53033032218,3518714008,13220.23478089253
53033032225,3518714008,10853.682181834229
53011040603,2631801052,24738.579393931963
53033007203,53184118,1978.1438906033509
53011040101,2631801052,48512.12186009546
53011040202,2631801052,40696.559133013085
53011040407,2631801052,27891.416959664242
53011040505,2631801052,28401.35922602388
53061052206,6562979688,21148.22411147262
53011040703,2631801052,17349.615803112578
53011040706,2631801052,17685.773398179437
53061051701,635748207,13073.159031024472
53061051918,3518714008,13819.116630423694
53061052006,6562979688,14192.17748897056
53061052105,6562979688,14117.560844331962
53061052203,6562979688,20397.150527342223
53061052301,6562979688,14573.042310441502
53061052402,6562979688,11515.742084304684
53061052603,6562979688,11566.718119971401
53061052604,6562979688,9174.331831690368
53061052701,6562979688,17873.08035247232
53061052803,6562979688,17821.984794813096
53027001300,12196495276,3909.4809169153505
53053072112,13071427976,13515.113250242835
53053072305,13071427976,5316.409268132073
53053072307,13071427976,8503.81440926232
53031950702,12196495276,81974.95910082287
53027000300,12196495276,32295.345210426723
53027000700,12196495276,29246.596844466232
53027000900,12196495276,4182.839903178045
53027000600,13900397768,24572.938049254248
53027001500,12196495276,11440.582028455387
53027001400,12196495276,7591.646787574936
53027000800,12196495276,8771.391385397497
53057950900,9559342242,20244.095690335736
53057951800,9559342242,5692.531240710191
53057951600,9559342242,10097.527799443487
53057952500,9559342242,1139.1818152884637
53057951400,9559342242,10467.263926899897
53057951300,9559342242,10452.579550858998
53061053606,6562979688,35762.35911625371
53061051401,635748207,10853.841524889105
53061051402,635748207,11393.445555658645
53061051301,635748207,9994.955095878497
53061051929,635748207,11601.334341641703
53061051302,635748207,8547.18249985462
53061053511,6562979688,22774.715079323458
53061051930,635748207,12830.128009785501
53057952700,9559342242,8637.766784220315
53061052506,6562979688,7828.996720038799
53061041609,6562979688,10606.316427500931
53057951900,9559342242,10581.771976110718
53057951200,9559342242,28494.694040097656
53057952200,9559342242,2622.1632778154412
53021020605,358665780,239943.49494583008
53021980100,358665780,237723.67026372917
53011041206,2631801052,12427.327785324678
53033005801,13361539355,1371.2633000333976
53021020603,358665780,242329.58021117983
53027990000,12196495276,39516.96603774821
53011040408,2631801052,24502.10560677623
53011041205,2631801052,11702.10412230546
53011040509,2631801052,24540.689303536867
53011040904,2631801052,17596.31392070261
53011041110,2631801052,12687.988334121443
53033011901,356551783,8296.350200818471
53033022501,3518714008,4602.335098597908
53033029507,356551783,23565.748472154428
53033032603,3518714008,23964.435634445912
53063012802,358665780,35290.19542684285
53033029309,356551783,16199.687920182878
53033025304,11035186711,12870.123479078373
53033001201,11609050926,1041.9869217895316
53035940000,13361539355,14076.217670093003
53035090700,13361539355,11261.791015052018
53053073111,13071427976,18911.805269591914
53053073114,13071427976,23758.206189297107
53061053506,6562979688,30975.391080409765
53061052805,6562979688,12506.622275931806
53033001400,11609050926,2333.2147927632354
53033001600,13361539355,3730.13487942694
53033002200,635748207,5335.9812582936565
53011041319,2631801052,15615.195220796322
53011041321,2631801052,17011.3202217296
53061041601,6562979688,6867.458753217052
53061041605,6562979688,8600.471708402558
53061041606,6562979688,10235.327527156629
53061041607,6562979688,9180.878914679908
53011041008,2631801052,15863.27467259636
53063014001,358665780,62847.515437865615
53063003000,358665780,43347.237827032855
53063013900,358665780,68381.95955128134
53061990100,9559342242,16284.859787394818
53053071305,13071427976,11509.297492726124
53053071306,13071427976,14386.984505275634
53053071307,13071427976,13753.036844014992
53053071403,13071427976,14939.554628306381
53063012901,358665780,30971.508646522874
53063012902,358665780,31269.301819880042
